{
  "onezerotwothreethreetwozerofiveonefouruoneoneoneninetwoone": {
    "sounds": [
      {
        "name": "records/onezerotwothreethreetwozerofiveonefouruoneoneoneninetwoone",
        "stream": true
      }
    ]
  },
  "hoyomixfleetingcolorsinflight": {
    "sounds": [
      {
        "name": "records/hoyomixfleetingcolorsinflight",
        "stream": true
      }
    ]
  },
  "hoyomixmelodyofsproutingflowers": {
    "sounds": [
      {
        "name": "records/hoyomixmelodyofsproutingflowers",
        "stream": true
      }
    ]
  },
  "hoyomixwordlesscliffs": {
    "sounds": [
      {
        "name": "records/hoyomixwordlesscliffs",
        "stream": true
      }
    ]
  },
  "musiconesixthreezerozerozerozeroone": {
    "sounds": [
      {
        "name": "records/musiconesixthreezerozerozerozeroone",
        "stream": true
      }
    ]
  }
}