{
  "model": {
    "type": "range_dispatch",
    "property": "custom_model_data",
    "fallback": {
      "type": "model",
      "model": "item/disc_fragment_5"
    },
    "entries": [
      {
        "threshold": 1,
        "model": {
          "type": "model",
          "model": "item/fragment_onezerotwothreethreetwozerofiveonefouruoneoneoneninetwoone"
        }
      },
      {
        "threshold": 2,
        "model": {
          "type": "model",
          "model": "item/fragment_hoyomixfleetingcolorsinflight"
        }
      },
      {
        "threshold": 3,
        "model": {
          "type": "model",
          "model": "item/fragment_hoyomixmelodyofsproutingflowers"
        }
      },
      {
        "threshold": 4,
        "model": {
          "type": "model",
          "model": "item/fragment_hoyomixwordlesscliffs"
        }
      },
      {
        "threshold": 5,
        "model": {
          "type": "model",
          "model": "item/fragment_musiconesixthreezerozerozerozeroone"
        }
      }
    ]
  }
}