[
  {
    "title": "贝贝_1023320514_u1",
    "author": "1 - 192 (1)",
    "duration": 199,
    "disc-namespace": "onezerotwothreethreetwozerofiveonefouruoneoneoneninetwoone",
    "model-data": 1,
    "creeper-drop": true,
    "lores": [],
    "loot-tables": {},
    "fragment-loot-tables": {}
  },
  {
    "title": "HOYO",
    "author": "MiX - Fleeting Colors in Flight 飞彩镌流年",
    "duration": 189,
    "disc-namespace": "hoyomixfleetingcolorsinflight",
    "model-data": 2,
    "creeper-drop": true,
    "lores": [],
    "loot-tables": {},
    "fragment-loot-tables": {}
  },
  {
    "title": "HOYO",
    "author": "MiX - Melody of Sprouting Flowers 颠倒梦想的曲调",
    "duration": 131,
    "disc-namespace": "hoyomixmelodyofsproutingflowers",
    "model-data": 3,
    "creeper-drop": true,
    "lores": [],
    "loot-tables": {},
    "fragment-loot-tables": {}
  },
  {
    "title": "HOYO",
    "author": "MiX - Wordless Cliffs 丹砂巍巍",
    "duration": 112,
    "disc-namespace": "hoyomixwordlesscliffs",
    "model-data": 4,
    "creeper-drop": true,
    "lores": [],
    "loot-tables": {},
    "fragment-loot-tables": {}
  },
  {
    "title": "原神空荧酒馆",
    "author": "Music_1.6_3 00001【群岛 白天】",
    "duration": 66,
    "disc-namespace": "musiconesixthreezerozerozerozeroone",
    "model-data": 5,
    "creeper-drop": true,
    "lores": [],
    "loot-tables": {},
    "fragment-loot-tables": {}
  }
]