{
  "parent": "item/generated",
  "textures": {
    "layer0": "item/disc_fragment_5"
  },
  "overrides": [
    {
      "predicate": {
        "custom_model_data": 1
      },
      "model": "item/fragment_onezerotwothreethreetwozerofiveonefouruoneoneoneninetwoone"
    },
    {
      "predicate": {
        "custom_model_data": 2
      },
      "model": "item/fragment_hoyomixfleetingcolorsinflight"
    },
    {
      "predicate": {
        "custom_model_data": 3
      },
      "model": "item/fragment_hoyomixmelodyofsproutingflowers"
    },
    {
      "predicate": {
        "custom_model_data": 4
      },
      "model": "item/fragment_hoyomixwordlesscliffs"
    },
    {
      "predicate": {
        "custom_model_data": 5
      },
      "model": "item/fragment_musiconesixthreezerozerozerozeroone"
    }
  ]
}